{"_wandb":{"runtime":749},"train_loss":1.4750964641571045,"train_accuracy":30.360065466448447,"_timestamp":1.741912211931146e+09,"_runtime":749.105392,"_step":62,"test_accuracy":39.44580277098615}