{"_step":62,"test_accuracy":39.03830480847596,"_wandb":{"runtime":3852},"train_loss":1.9410581588745117,"train_accuracy":33.94026186579378,"_timestamp":1.741857535460329e+09,"_runtime":3851.614163}