{"_wandb":{"runtime":795},"_step":62,"train_loss":1.7912018299102783,"train_accuracy":30.114566284779052,"_timestamp":1.741910155714308e+09,"_runtime":795.428455,"test_accuracy":43.27628361858191}